student_id,last_name,first_name,email,date_of_birth,hometown,math_score,literature_score
SV001,Nguyen1,Student1,student1@example.com,2003-03-25,Ha Noi,6.7,9.2
SV002,Nguyen2,Student2,student2@example.com,2002-04-08,Ha Noi,5.9,9.5
SV003,Nguyen3,Student3,student3@example.com,2005-01-31,Ha Noi,7.8,4.2
SV004,Nguyen4,Student4,student4@example.com,2001-03-14,Ha Noi,9.0,9.4
SV005,Nguyen5,Student5,student5@example.com,1998-06-07,Ha Noi,8.6,10.0
SV006,Nguyen6,Student6,student6@example.com,2002-10-19,Ha Noi,7.8,4.3
SV007,Nguyen7,Student7,student7@example.com,2000-07-28,Ha Noi,9.1,6.5
SV008,Nguyen8,Student8,student8@example.com,2001-10-15,Ha Noi,5.9,5.2
SV009,Nguyen9,Student9,student9@example.com,2004-02-23,Ha Noi,8.9,8.3
SV010,Nguyen10,Student10,student10@example.com,2002-10-19,Ha Noi,4.2,9.1
SV011,Nguyen11,Student11,student11@example.com,2002-06-30,Ha Noi,8.7,8.4
SV012,Nguyen12,Student12,student12@example.com,1998-12-16,Ha Noi,4.3,6.7
SV013,Nguyen13,Student13,student13@example.com,2000-10-09,Ha Noi,6.1,7.1
SV014,Nguyen14,Student14,student14@example.com,2006-03-04,Ha Noi,6.5,5.6
SV015,Nguyen15,Student15,student15@example.com,1998-10-10,Ha Noi,4.2,7.9
SV016,Nguyen16,Student16,student16@example.com,2002-08-26,Ha Noi,7.2,9.2
SV017,Nguyen17,Student17,student17@example.com,2003-12-13,Ha Noi,5.3,7.6
SV018,Nguyen18,Student18,student18@example.com,2002-04-22,Ha Noi,7.0,6.1
SV019,Nguyen19,Student19,student19@example.com,1999-10-11,Ha Noi,8.3,6.3
SV020,Nguyen20,Student20,student20@example.com,2004-12-30,Ha Noi,4.2,8.7
SV021,Nguyen21,Student21,student21@example.com,2005-10-08,Ha Noi,6.5,6.3
SV022,Nguyen22,Student22,student22@example.com,2001-05-20,Ha Noi,8.5,4.7
SV023,Nguyen23,Student23,student23@example.com,2000-11-28,Ha Noi,8.9,9.1
SV024,Nguyen24,Student24,student24@example.com,2000-09-14,Ha Noi,7.6,8.1
SV025,Nguyen25,Student25,student25@example.com,2001-10-21,Ha Noi,5.6,6.4
SV026,Nguyen26,Student26,student26@example.com,2000-11-07,Ha Noi,9.4,4.4
SV027,Nguyen27,Student27,student27@example.com,2001-11-02,Ha Noi,9.9,8.7
SV028,Nguyen28,Student28,student28@example.com,2002-12-11,Ha Noi,9.1,5.7
SV029,Nguyen29,Student29,student29@example.com,2002-04-26,Ha Noi,8.2,9.9
SV030,Nguyen30,Student30,student30@example.com,1999-09-09,Ha Noi,5.2,8.4
SV031,Nguyen31,Student31,student31@example.com,2001-11-12,Ha Noi,8.6,8.1
SV032,Nguyen32,Student32,student32@example.com,2004-07-01,Ha Noi,9.5,9.6
SV033,Nguyen33,Student33,student33@example.com,2004-01-01,Ha Noi,5.5,7.8
SV034,Nguyen34,Student34,student34@example.com,2002-10-20,Ha Noi,8.8,5.3
SV035,Nguyen35,Student35,student35@example.com,2000-07-23,Ha Noi,8.0,4.8
SV036,Nguyen36,Student36,student36@example.com,2002-12-21,Ha Noi,6.0,8.3
SV037,Nguyen37,Student37,student37@example.com,2003-06-08,Ha Noi,9.1,4.8
SV038,Nguyen38,Student38,student38@example.com,2003-09-03,Ha Noi,5.2,6.9
SV039,Nguyen39,Student39,student39@example.com,2000-07-12,Ha Noi,7.6,5.2
SV040,Nguyen40,Student40,student40@example.com,2000-03-18,Ha Noi,4.4,5.1
SV041,Nguyen41,Student41,student41@example.com,2002-05-14,Ha Noi,9.6,8.4
SV042,Nguyen42,Student42,student42@example.com,2000-10-20,Ha Noi,7.6,4.6
SV043,Nguyen43,Student43,student43@example.com,2000-05-03,Ha Noi,7.5,6.2
SV044,Nguyen44,Student44,student44@example.com,1998-05-24,Ha Noi,7.6,7.8
SV045,Nguyen45,Student45,student45@example.com,2002-04-09,Ha Noi,7.0,8.1
SV046,Nguyen46,Student46,student46@example.com,2001-02-08,Ha Noi,5.7,4.1
SV047,Nguyen47,Student47,student47@example.com,2005-09-16,Ha Noi,6.2,4.9
SV048,Nguyen48,Student48,student48@example.com,1999-12-12,Ha Noi,9.0,5.1
SV049,Nguyen49,Student49,student49@example.com,2003-06-30,Ha Noi,4.0,8.6
SV050,Nguyen50,Student50,student50@example.com,2002-10-20,Ha Noi,8.9,9.9
SV051,Nguyen51,Student51,student51@example.com,2000-06-07,Ha Noi,5.8,8.1
SV052,Nguyen52,Student52,student52@example.com,2001-03-20,Ha Noi,4.6,5.4
SV053,Nguyen53,Student53,student53@example.com,2003-05-24,Ha Noi,9.9,4.3
SV054,Nguyen54,Student54,student54@example.com,1998-07-15,Ha Noi,4.6,5.9
SV055,Nguyen55,Student55,student55@example.com,2004-03-04,Ha Noi,4.8,7.8
SV056,Nguyen56,Student56,student56@example.com,2004-05-19,Ha Noi,8.7,5.5
SV057,Nguyen57,Student57,student57@example.com,1998-11-02,Ha Noi,4.8,5.5
SV058,Nguyen58,Student58,student58@example.com,2003-01-01,Ha Noi,8.0,7.7
SV059,Nguyen59,Student59,student59@example.com,2000-03-02,Ha Noi,5.5,7.7
SV060,Nguyen60,Student60,student60@example.com,2005-06-14,Ha Noi,8.2,6.3
SV061,Nguyen61,Student61,student61@example.com,1999-12-16,Ha Noi,8.1,9.5
SV062,Nguyen62,Student62,student62@example.com,2000-12-11,Ha Noi,8.1,4.5
SV063,Nguyen63,Student63,student63@example.com,2000-10-07,Ha Noi,6.2,6.3
SV064,Nguyen64,Student64,student64@example.com,2001-06-28,Ha Noi,9.2,4.6
SV065,Nguyen65,Student65,student65@example.com,2004-07-28,Ha Noi,9.8,5.6
SV066,Nguyen66,Student66,student66@example.com,2004-12-09,Ha Noi,6.6,7.1
SV067,Nguyen67,Student67,student67@example.com,2005-05-21,Ha Noi,4.2,9.6
SV068,Nguyen68,Student68,student68@example.com,2002-04-11,Ha Noi,4.3,8.8
SV069,Nguyen69,Student69,student69@example.com,2000-02-04,Ha Noi,6.0,7.4
SV070,Nguyen70,Student70,student70@example.com,2002-01-06,Ha Noi,9.0,6.5
SV071,Nguyen71,Student71,student71@example.com,2003-07-02,Ha Noi,4.1,8.6
SV072,Nguyen72,Student72,student72@example.com,1999-09-19,Ha Noi,8.7,7.2
SV073,Nguyen73,Student73,student73@example.com,2000-06-01,Ha Noi,5.2,8.6
SV074,Nguyen74,Student74,student74@example.com,2004-07-11,Ha Noi,4.4,6.7
SV075,Nguyen75,Student75,student75@example.com,1999-08-10,Ha Noi,9.4,5.3
SV076,Nguyen76,Student76,student76@example.com,2005-02-23,Ha Noi,4.5,7.1
SV077,Nguyen77,Student77,student77@example.com,2002-01-06,Ha Noi,7.6,9.3
SV078,Nguyen78,Student78,student78@example.com,2003-06-27,Ha Noi,6.3,7.6
SV079,Nguyen79,Student79,student79@example.com,1998-12-14,Ha Noi,9.4,8.6
SV080,Nguyen80,Student80,student80@example.com,1998-04-15,Ha Noi,5.9,4.7
SV081,Nguyen81,Student81,student81@example.com,2001-12-31,Ha Noi,9.5,4.1
SV082,Nguyen82,Student82,student82@example.com,2004-07-09,Ha Noi,7.6,5.4
SV083,Nguyen83,Student83,student83@example.com,2003-10-22,Ha Noi,5.0,6.9
SV084,Nguyen84,Student84,student84@example.com,2001-08-12,Ha Noi,7.8,5.9
SV085,Nguyen85,Student85,student85@example.com,2001-01-01,Ha Noi,9.4,8.6
SV086,Nguyen86,Student86,student86@example.com,2005-03-12,Ha Noi,7.5,7.0
SV087,Nguyen87,Student87,student87@example.com,2001-12-23,Ha Noi,5.1,8.7
SV088,Nguyen88,Student88,student88@example.com,2003-07-16,Ha Noi,9.3,6.2
SV089,Nguyen89,Student89,student89@example.com,2005-09-29,Ha Noi,8.6,8.9
SV090,Nguyen90,Student90,student90@example.com,2005-08-22,Ha Noi,6.3,8.6
SV091,Nguyen91,Student91,student91@example.com,2002-03-01,Ha Noi,6.4,9.8
SV092,Nguyen92,Student92,student92@example.com,2004-01-26,Ha Noi,7.2,4.3
SV093,Nguyen93,Student93,student93@example.com,1999-03-29,Ha Noi,5.8,8.8
SV094,Nguyen94,Student94,student94@example.com,2006-01-24,Ha Noi,5.2,6.7
SV095,Nguyen95,Student95,student95@example.com,2000-01-23,Ha Noi,6.6,9.1
SV096,Nguyen96,Student96,student96@example.com,2000-12-22,Ha Noi,4.0,7.9
SV097,Nguyen97,Student97,student97@example.com,2005-01-16,Ha Noi,8.1,7.3
SV098,Nguyen98,Student98,student98@example.com,2005-03-30,Ha Noi,9.7,8.7
SV099,Nguyen99,Student99,student99@example.com,1998-10-16,Ha Noi,5.4,8.8
SV100,Nguyen100,Student100,student100@example.com,2003-05-16,Ha Noi,7.2,8.0
